id,user_id,pattern_type,title,description,place_label,place_id,trigger_conditions,learned_from,confidence,occurrences,status,first_seen_at,last_seen_at,created_at,updated_at
2997c189-860c-4b2d-bfc2-1e0a009f4605,d8d8e77a-4af3-42e1-9810-16f534be4093,quando_siete_in_due_risultano_spesso_piu_luci_o_zone_attive,"Quando siete in due, risultano spesso più luci o zone attive","Quando siete in due, risultano spesso più luci o zone attive",null,null,"{""source"":""house_events""}","{""table"":""house_events""}",3,3,learning,2026-06-23 16:44:25.224+00,2026-06-27 22:07:42.293+00,2026-06-23 16:44:25.437916+00,2026-06-27 22:07:42.293+00
2d80268c-0ce5-431c-9941-d650db3b8984,d8d8e77a-4af3-42e1-9810-16f534be4093,transito_frequente_cucina_salotto,Transito frequente: cucina → salotto (2 volte),Transito frequente: cucina → salotto (2 volte),null,null,"{""source"":""house_events""}","{""table"":""house_events""}",3,2,learning,2026-06-23 08:22:16.614+00,2026-06-27 22:07:42.068+00,2026-06-23 08:22:16.796805+00,2026-06-27 22:07:42.068+00
90f1c5ae-d41d-4f8f-ade5-6994f2e8c01e,d8d8e77a-4af3-42e1-9810-16f534be4093,transito_frequente_scale_camera,Transito frequente: scale → camera (2 volte),Transito frequente: scale → camera (2 volte),null,null,"{""source"":""house_events""}","{""table"":""house_events""}",3,2,learning,2026-06-22 20:55:23.403+00,2026-06-27 22:07:41.847+00,2026-06-22 20:55:23.587011+00,2026-06-27 22:07:41.847+00
3f56d0fd-9763-4f8e-93f1-03ba0b5db4f5,d8d8e77a-4af3-42e1-9810-16f534be4093,transito_frequente_bagno_armadio,Transito frequente: bagno → armadio (2 volte),Transito frequente: bagno → armadio (2 volte),null,null,"{""source"":""house_events""}","{""table"":""house_events""}",3,2,learning,2026-06-22 20:55:24.332+00,2026-06-27 22:07:41.622+00,2026-06-22 20:55:24.507101+00,2026-06-27 22:07:41.622+00
0f919624-c18e-4007-b9aa-58356eed477b,d8d8e77a-4af3-42e1-9810-16f534be4093,transito_frequente_armadio_scale,Transito frequente: armadio → scale (3 volte),Transito frequente: armadio → scale (3 volte),null,null,"{""source"":""house_events""}","{""table"":""house_events""}",3,3,learning,2026-06-22 20:55:24.557+00,2026-06-27 22:07:41.399+00,2026-06-22 20:55:24.73381+00,2026-06-27 22:07:41.399+00
5dd2f4d5-e633-4658-ab3f-579b1ba09b8c,d8d8e77a-4af3-42e1-9810-16f534be4093,transito_frequente_armadio_bagno,Transito frequente: armadio → bagno (2 volte),Transito frequente: armadio → bagno (2 volte),null,null,"{""source"":""house_events""}","{""table"":""house_events""}",3,2,learning,2026-06-22 20:55:24.105+00,2026-06-27 22:07:41.173+00,2026-06-22 20:55:24.28167+00,2026-06-27 22:07:41.173+00
3c231ed8-1dfe-4fc9-8b33-320d4d37b8c3,d8d8e77a-4af3-42e1-9810-16f534be4093,transito_frequente_salotto_scale,Transito frequente: salotto → scale (2 volte),Transito frequente: salotto → scale (2 volte),null,null,"{""source"":""house_events""}","{""table"":""house_events""}",3,2,learning,2026-06-22 20:55:22.953+00,2026-06-27 22:07:40.91+00,2026-06-22 20:55:23.126777+00,2026-06-27 22:07:40.91+00
17861074-4e46-44d5-a53a-db20e3013fc7,d8d8e77a-4af3-42e1-9810-16f534be4093,transito_frequente_scale_salotto,Transito frequente: scale → salotto (2 volte),Transito frequente: scale → salotto (2 volte),null,null,"{""source"":""house_events""}","{""table"":""house_events""}",3,2,learning,2026-06-22 20:55:22.727+00,2026-06-27 22:07:40.684+00,2026-06-22 20:55:22.902242+00,2026-06-27 22:07:40.684+00
256c77d9-b198-4cd5-9334-c3a8f118e22c,d8d8e77a-4af3-42e1-9810-16f534be4093,transito_frequente_cucina_scale,Transito frequente: cucina → scale (3 volte),Transito frequente: cucina → scale (3 volte),null,null,"{""source"":""house_events""}","{""table"":""house_events""}",3,3,learning,2026-06-22 20:55:22.496+00,2026-06-27 22:07:40.456+00,2026-06-22 20:55:22.674604+00,2026-06-27 22:07:40.456+00
180d05e8-6cc8-492d-8dde-f5824973655d,d8d8e77a-4af3-42e1-9810-16f534be4093,casa_spesso_occupata_da_due_persone,Casa spesso occupata da due persone (170 eventi),Casa spesso occupata da due persone (170 eventi),null,null,"{""source"":""house_events""}","{""table"":""house_events""}",10,170,active,2026-06-22 20:55:21.964+00,2026-06-27 22:07:40.231+00,2026-06-22 20:55:22.210076+00,2026-06-27 22:07:40.231+00
dcf885e0-3e81-41e8-9489-578c66457b9d,d8d8e77a-4af3-42e1-9810-16f534be4093,temperatura_spesso_alta_in_casa,Temperatura spesso alta in casa (16 rilevamenti sopra 27°C),Temperatura spesso alta in casa (16 rilevamenti sopra 27°C),null,null,"{""source"":""house_events""}","{""table"":""house_events""}",8,16,active,2026-06-22 23:08:07.977+00,2026-06-27 22:07:40.005+00,2026-06-22 23:08:08.195797+00,2026-06-27 22:07:40.005+00
2b1824dc-72a7-4a05-919f-31d04e4c4e39,d8d8e77a-4af3-42e1-9810-16f534be4093,clima_temperatura_rilevati_spesso,Clima/temperatura rilevati spesso (17 eventi),Clima/temperatura rilevati spesso (17 eventi),null,null,"{""source"":""house_events""}","{""table"":""house_events""}",9,17,active,2026-06-22 20:55:21.733+00,2026-06-27 22:07:39.782+00,2026-06-22 20:55:21.911383+00,2026-06-27 22:07:39.782+00
7ec80f9a-a059-463d-94b5-ccd1a7bb0a54,d8d8e77a-4af3-42e1-9810-16f534be4093,luminosita_media_bagno_circa_lx,Luminosità media bagno: circa 80 lx,Luminosità media bagno: circa 80 lx,null,null,"{""source"":""house_events""}","{""table"":""house_events""}",3,3,learning,2026-06-22 20:55:21.505+00,2026-06-27 22:07:39.554+00,2026-06-22 20:55:21.680416+00,2026-06-27 22:07:39.554+00
560fdbee-6d6c-4402-9d38-fcf623df5145,d8d8e77a-4af3-42e1-9810-16f534be4093,luminosita_media_cucina_circa_lx,Luminosità media cucina: circa 40 lx,Luminosità media cucina: circa 40 lx,null,null,"{""source"":""house_events""}","{""table"":""house_events""}",3,3,learning,2026-06-22 20:55:21.277+00,2026-06-27 22:07:39.328+00,2026-06-22 20:55:21.451617+00,2026-06-27 22:07:39.328+00
f207b6c5-896d-4a99-a889-bb35f13823d6,d8d8e77a-4af3-42e1-9810-16f534be4093,luci_armadio_usate_spesso_tra_sera_e_notte,Luci armadio usate spesso tra sera e notte,Luci armadio usate spesso tra sera e notte,null,null,"{""source"":""house_events""}","{""table"":""house_events""}",3,3,learning,2026-06-22 22:49:24.891+00,2026-06-27 22:07:39.102+00,2026-06-22 22:49:25.068748+00,2026-06-27 22:07:39.102+00
5488ef18-61fa-46e4-8766-1dcb0e57f1ae,d8d8e77a-4af3-42e1-9810-16f534be4093,luci_armadio_accese_spesso,Luci armadio accese spesso (6 accensioni),Luci armadio accese spesso (6 accensioni),null,null,"{""source"":""house_events""}","{""table"":""house_events""}",3,6,learning,2026-06-22 20:55:20.814+00,2026-06-27 22:07:38.877+00,2026-06-22 20:55:20.995459+00,2026-06-27 22:07:38.877+00
6153d27c-589a-44a1-afc0-79bde099c561,d8d8e77a-4af3-42e1-9810-16f534be4093,luci_camera_usate_spesso_tra_sera_e_notte,Luci camera usate spesso tra sera e notte,Luci camera usate spesso tra sera e notte,null,null,"{""source"":""house_events""}","{""table"":""house_events""}",3,3,learning,2026-06-22 23:08:07.017+00,2026-06-27 22:07:38.654+00,2026-06-22 23:08:07.223866+00,2026-06-27 22:07:38.654+00
3acbca96-1b7c-4596-8fea-cec79a2778b9,d8d8e77a-4af3-42e1-9810-16f534be4093,luci_camera_accese_spesso,Luci camera accese spesso (8 accensioni),Luci camera accese spesso (8 accensioni),null,null,"{""source"":""house_events""}","{""table"":""house_events""}",4,8,learning,2026-06-22 20:55:20.575+00,2026-06-27 22:07:38.36+00,2026-06-22 20:55:20.759602+00,2026-06-27 22:07:38.36+00
d28ebf60-896c-4196-8572-966c142881d9,d8d8e77a-4af3-42e1-9810-16f534be4093,luci_scale_usate_spesso_tra_sera_e_notte,Luci scale usate spesso tra sera e notte,Luci scale usate spesso tra sera e notte,null,null,"{""source"":""house_events""}","{""table"":""house_events""}",3,3,learning,2026-06-20 00:30:18.839+00,2026-06-27 22:07:33.111+00,2026-06-20 00:30:19.215676+00,2026-06-27 22:07:33.111+00
3b637ca7-c552-409a-8b75-79c2de40d381,d8d8e77a-4af3-42e1-9810-16f534be4093,luci_scale_accese_spesso,Luci scale accese spesso (22 accensioni),Luci scale accese spesso (22 accensioni),null,null,"{""source"":""house_events""}","{""table"":""house_events""}",10,22,active,2026-06-22 20:55:19.894+00,2026-06-27 22:07:32.886+00,2026-06-22 20:55:20.071101+00,2026-06-27 22:07:32.886+00
75f2ee98-0112-4b61-8fff-5f3055b72ce8,d8d8e77a-4af3-42e1-9810-16f534be4093,luci_salotto_usate_spesso_tra_sera_e_notte,Luci salotto usate spesso tra sera e notte,Luci salotto usate spesso tra sera e notte,null,null,"{""source"":""house_events""}","{""table"":""house_events""}",3,3,learning,2026-06-22 22:49:23.949+00,2026-06-27 22:07:32.659+00,2026-06-22 22:49:24.125208+00,2026-06-27 22:07:32.659+00
1d9615a3-7b14-42a6-bf90-da5b16f6c76a,d8d8e77a-4af3-42e1-9810-16f534be4093,luci_salotto_accese_spesso,Luci salotto accese spesso (10 accensioni),Luci salotto accese spesso (10 accensioni),null,null,"{""source"":""house_events""}","{""table"":""house_events""}",5,10,learning,2026-06-22 20:55:19.664+00,2026-06-27 22:07:32.434+00,2026-06-22 20:55:19.843158+00,2026-06-27 22:07:32.434+00
7267b922-82a3-4ae4-96d2-a4d63ce33c2e,d8d8e77a-4af3-42e1-9810-16f534be4093,tv_camera_usata_spesso_tra_sera_e_notte,TV camera usata spesso tra sera e notte,TV camera usata spesso tra sera e notte,null,null,"{""source"":""house_events""}","{""table"":""house_events""}",3,3,learning,2026-06-24 19:05:15.23+00,2026-06-27 22:07:32.207+00,2026-06-24 19:05:15.650332+00,2026-06-27 22:07:32.207+00
0ba90877-53a0-47b0-967a-40a106ea178a,d8d8e77a-4af3-42e1-9810-16f534be4093,tv_camera_usata_spesso,TV camera usata spesso (10 accensioni),TV camera usata spesso (10 accensioni),null,null,"{""source"":""house_events""}","{""table"":""house_events""}",5,10,learning,2026-06-24 10:45:54.24+00,2026-06-27 22:07:31.976+00,2026-06-24 10:45:54.651519+00,2026-06-27 22:07:31.976+00
3bfee5e9-3bf9-4813-a4e9-bb90b468f6d7,d8d8e77a-4af3-42e1-9810-16f534be4093,tv_cucina_usata_spesso_tra_sera_e_notte,TV cucina usata spesso tra sera e notte,TV cucina usata spesso tra sera e notte,null,null,"{""source"":""house_events""}","{""table"":""house_events""}",3,3,learning,2026-06-24 17:00:29.161+00,2026-06-27 22:07:31.746+00,2026-06-24 17:00:29.573861+00,2026-06-27 22:07:31.746+00
c68c2251-9609-41f9-857d-179f677caf3e,d8d8e77a-4af3-42e1-9810-16f534be4093,tv_cucina_usata_spesso,TV cucina usata spesso (34 accensioni),TV cucina usata spesso (34 accensioni),null,null,"{""source"":""house_events""}","{""table"":""house_events""}",10,34,active,2026-06-23 15:44:35.48+00,2026-06-27 22:07:28.231+00,2026-06-23 15:44:35.674303+00,2026-06-27 22:07:28.231+00
258b4e03-908a-4985-bebd-b3b10684c00e,d8d8e77a-4af3-42e1-9810-16f534be4093,bagno_ricorre_spesso_di_sera,bagno ricorre spesso di sera (8 rilevamenti),bagno ricorre spesso di sera (8 rilevamenti),null,null,"{""source"":""house_events""}","{""table"":""house_events""}",4,8,learning,2026-06-22 22:49:23.493+00,2026-06-27 22:07:17.973+00,2026-06-22 22:49:23.67058+00,2026-06-27 22:07:17.973+00
f3161df2-2865-4fed-b28e-638c16886d8e,d8d8e77a-4af3-42e1-9810-16f534be4093,bagno_usato_spesso,bagno usato spesso (8 rilevamenti negli ultimi 30 giorni),bagno usato spesso (8 rilevamenti negli ultimi 30 giorni),null,null,"{""source"":""house_events""}","{""table"":""house_events""}",4,8,learning,2026-06-22 20:55:18.747+00,2026-06-27 22:07:17.555+00,2026-06-22 20:55:18.926835+00,2026-06-27 22:07:17.555+00
2f8dac3e-178f-4c19-a3fe-8d8ee3debc9d,d8d8e77a-4af3-42e1-9810-16f534be4093,armadio_ricorre_spesso_di_sera,armadio ricorre spesso di sera (5 rilevamenti),armadio ricorre spesso di sera (5 rilevamenti),null,null,"{""source"":""house_events""}","{""table"":""house_events""}",3,5,learning,2026-06-22 22:49:23.03+00,2026-06-27 22:07:12.303+00,2026-06-22 22:49:23.212353+00,2026-06-27 22:07:12.303+00
864e55fd-5301-45f3-9165-2b1068bbed30,d8d8e77a-4af3-42e1-9810-16f534be4093,armadio_usato_spesso,armadio usato spesso (5 rilevamenti negli ultimi 30 giorni),armadio usato spesso (5 rilevamenti negli ultimi 30 giorni),null,null,"{""source"":""house_events""}","{""table"":""house_events""}",3,5,learning,2026-06-22 20:55:18.052+00,2026-06-27 22:07:12.077+00,2026-06-22 20:55:18.231389+00,2026-06-27 22:07:12.077+00
c291d3e4-8308-42d8-b5b9-ea0a8b0e882e,d8d8e77a-4af3-42e1-9810-16f534be4093,camera_ricorre_spesso_di_sera,camera ricorre spesso di sera (4 rilevamenti),camera ricorre spesso di sera (4 rilevamenti),null,null,"{""source"":""house_events""}","{""table"":""house_events""}",3,4,learning,2026-06-22 22:49:22.574+00,2026-06-27 22:07:11.819+00,2026-06-22 22:49:22.755561+00,2026-06-27 22:07:11.819+00
6891b584-5ff7-4214-a52d-921a8521c4f4,d8d8e77a-4af3-42e1-9810-16f534be4093,cucina_ricorre_spesso_di_sera,cucina ricorre spesso di sera (12 rilevamenti),cucina ricorre spesso di sera (12 rilevamenti),null,null,"{""source"":""house_events""}","{""table"":""house_events""}",6,12,learning,2026-06-22 22:49:22.112+00,2026-06-27 22:07:11.594+00,2026-06-22 22:49:22.291335+00,2026-06-27 22:07:11.594+00
24382292-f9da-472a-8141-7d28c276b874,d8d8e77a-4af3-42e1-9810-16f534be4093,cucina_ricorre_spesso_di_pomeriggio,cucina ricorre spesso di pomeriggio (5 rilevamenti),cucina ricorre spesso di pomeriggio (5 rilevamenti),null,null,"{""source"":""house_events""}","{""table"":""house_events""}",3,5,learning,2026-06-22 20:55:16.427+00,2026-06-27 22:07:11.367+00,2026-06-22 20:55:16.605868+00,2026-06-27 22:07:11.367+00
020cf069-531d-4235-b2a8-0521c41a1259,d8d8e77a-4af3-42e1-9810-16f534be4093,cucina_usato_spesso,cucina usato spesso (17 rilevamenti negli ultimi 30 giorni),cucina usato spesso (17 rilevamenti negli ultimi 30 giorni),null,null,"{""source"":""house_events""}","{""table"":""house_events""}",9,17,active,2026-06-22 20:55:16.196+00,2026-06-27 22:07:11.14+00,2026-06-22 20:55:16.373974+00,2026-06-27 22:07:11.14+00
e633148d-17c9-4420-abc0-0334439682c9,d8d8e77a-4af3-42e1-9810-16f534be4093,scale_ricorre_spesso_di_sera,scale ricorre spesso di sera (9 rilevamenti),scale ricorre spesso di sera (9 rilevamenti),null,null,"{""source"":""house_events""}","{""table"":""house_events""}",5,9,learning,2026-06-22 22:49:21.455+00,2026-06-27 22:07:10.908+00,2026-06-22 22:49:21.837994+00,2026-06-27 22:07:10.908+00
c88420dc-2530-4062-a50d-2829292c4fc2,d8d8e77a-4af3-42e1-9810-16f534be4093,scale_usato_spesso,scale usato spesso (11 rilevamenti negli ultimi 30 giorni),scale usato spesso (11 rilevamenti negli ultimi 30 giorni),null,null,"{""source"":""house_events""}","{""table"":""house_events""}",6,11,learning,2026-06-22 20:55:15.008+00,2026-06-27 22:07:10.638+00,2026-06-22 20:55:15.185266+00,2026-06-27 22:07:10.638+00
a96496fa-43d9-4841-96df-000b4be5dadd,d8d8e77a-4af3-42e1-9810-16f534be4093,salotto_ricorre_spesso_di_sera,salotto ricorre spesso di sera (7 rilevamenti),salotto ricorre spesso di sera (7 rilevamenti),null,null,"{""source"":""house_events""}","{""table"":""house_events""}",4,7,learning,2026-06-22 22:49:20.789+00,2026-06-27 22:07:10.411+00,2026-06-22 22:49:20.969559+00,2026-06-27 22:07:10.411+00
f3c4a6ac-464c-4f04-b90d-8ef8471bd595,d8d8e77a-4af3-42e1-9810-16f534be4093,salotto_usato_spesso,salotto usato spesso (9 rilevamenti negli ultimi 30 giorni),salotto usato spesso (9 rilevamenti negli ultimi 30 giorni),null,null,"{""source"":""house_events""}","{""table"":""house_events""}",5,9,learning,2026-06-22 20:55:14.512+00,2026-06-27 22:07:10.156+00,2026-06-22 20:55:14.706967+00,2026-06-27 22:07:10.156+00
a6f3a500-1c71-4de8-bf6f-c3a6d05f5199,d8d8e77a-4af3-42e1-9810-16f534be4093,salotto_ricorre_spesso_di_pomeriggio,salotto ricorre spesso di pomeriggio (3 rilevamenti),salotto ricorre spesso di pomeriggio (3 rilevamenti),null,null,"{""source"":""house_events""}","{""table"":""house_events""}",3,3,learning,2026-06-23 15:10:03.283+00,2026-06-27 21:06:06.616+00,2026-06-23 15:10:03.469173+00,2026-06-27 21:06:06.616+00
ae970983-dff2-472a-a6ad-ace3adc1f682,d8d8e77a-4af3-42e1-9810-16f534be4093,transito_frequente_scale_cucina,Transito frequente: scale → cucina (2 volte),Transito frequente: scale → cucina (2 volte),null,null,"{""source"":""house_events""}","{""table"":""house_events""}",3,2,learning,2026-06-22 20:55:23.179+00,2026-06-27 14:40:53.72+00,2026-06-22 20:55:23.351796+00,2026-06-27 14:40:53.72+00
dfcf0df0-b877-461f-804f-13f50fe40b22,d8d8e77a-4af3-42e1-9810-16f534be4093,scale_ricorre_spesso_di_pomeriggio,scale ricorre spesso di pomeriggio (3 rilevamenti),scale ricorre spesso di pomeriggio (3 rilevamenti),null,null,"{""source"":""house_events""}","{""table"":""house_events""}",3,3,learning,2026-06-22 20:55:15.962+00,2026-06-27 14:40:47.434+00,2026-06-22 20:55:16.14364+00,2026-06-27 14:40:47.434+00
e4e7c6bc-2b4e-4aed-a8c4-6c6b5ad18dbf,d8d8e77a-4af3-42e1-9810-16f534be4093,camera_usato_spesso,camera usato spesso (5 rilevamenti negli ultimi 30 giorni),camera usato spesso (5 rilevamenti negli ultimi 30 giorni),null,null,"{""source"":""house_events""}","{""table"":""house_events""}",3,5,learning,2026-06-22 20:55:17.364+00,2026-06-26 21:16:57.366+00,2026-06-22 20:55:17.542049+00,2026-06-26 21:16:57.366+00
9e6965ad-71a7-4c18-8ce6-2116b1b433e4,d8d8e77a-4af3-42e1-9810-16f534be4093,cucina_ricorre_spesso_di_pranzo,cucina ricorre spesso di pranzo (3 rilevamenti),cucina ricorre spesso di pranzo (3 rilevamenti),null,null,"{""source"":""house_events""}","{""table"":""house_events""}",3,3,learning,2026-06-22 20:55:17.132+00,2026-06-25 22:23:55.923+00,2026-06-22 20:55:17.312076+00,2026-06-25 22:23:55.923+00
052d2746-187d-4c8c-9d84-c23251f5c402,d8d8e77a-4af3-42e1-9810-16f534be4093,transito_frequente_cucina_bagno,Transito frequente: cucina → bagno (2 volte),Transito frequente: cucina → bagno (2 volte),null,null,"{""source"":""house_events""}","{""table"":""house_events""}",3,2,learning,2026-06-22 20:55:24.786+00,2026-06-23 21:10:30.811+00,2026-06-22 20:55:24.996694+00,2026-06-23 21:10:30.811+00
856bb585-32ae-457c-a2a8-49e39b222273,d8d8e77a-4af3-42e1-9810-16f534be4093,transito_frequente_scale_armadio,Transito frequente: scale → armadio (6 volte),Transito frequente: scale → armadio (6 volte),null,null,"{""source"":""house_events""}","{""table"":""house_events""}",3,6,learning,2026-06-22 20:55:23.882+00,2026-06-23 21:10:29.827+00,2026-06-22 20:55:24.054626+00,2026-06-23 21:10:29.827+00
7e46025c-49e3-45b0-ac6e-f797b969b440,d8d8e77a-4af3-42e1-9810-16f534be4093,transito_frequente_camera_scale,Transito frequente: camera → scale (4 volte),Transito frequente: camera → scale (4 volte),null,null,"{""source"":""house_events""}","{""table"":""house_events""}",3,4,learning,2026-06-22 20:55:23.638+00,2026-06-23 21:10:29.586+00,2026-06-22 20:55:23.831482+00,2026-06-23 21:10:29.586+00
94598c80-b52b-4296-96fd-4404083f041b,d8d8e77a-4af3-42e1-9810-16f534be4093,casa_spesso_occupata_da_una_sola_persona,Casa spesso occupata da una sola persona (59 eventi),Casa spesso occupata da una sola persona (59 eventi),null,null,"{""source"":""house_events""}","{""table"":""house_events""}",10,59,active,2026-06-22 20:55:22.261+00,2026-06-23 21:10:28.131+00,2026-06-22 20:55:22.443805+00,2026-06-23 21:10:28.131+00
3b456243-f0b0-4472-b90e-ba13ba7373a7,d8d8e77a-4af3-42e1-9810-16f534be4093,luminosita_media_salotto_circa_lx,Luminosità media salotto: circa 5 lx,Luminosità media salotto: circa 5 lx,null,null,"{""source"":""house_events""}","{""table"":""house_events""}",3,3,learning,2026-06-22 20:55:21.047+00,2026-06-23 21:10:26.966+00,2026-06-22 20:55:21.226141+00,2026-06-23 21:10:26.966+00
a4d15019-7c93-4fca-9bc8-c7e655d83cc5,d8d8e77a-4af3-42e1-9810-16f534be4093,luci_cucina_usate_spesso_tra_sera_e_notte,Luci cucina usate spesso tra sera e notte,Luci cucina usate spesso tra sera e notte,null,null,"{""source"":""house_events""}","{""table"":""house_events""}",3,3,learning,2026-06-20 00:30:19.269+00,2026-06-23 21:10:26.212+00,2026-06-20 00:30:19.642508+00,2026-06-23 21:10:26.212+00
038b6a6f-fc60-4c45-934a-34473dfa6112,d8d8e77a-4af3-42e1-9810-16f534be4093,bagno_ricorre_spesso_di_pomeriggio,bagno ricorre spesso di pomeriggio (37 rilevamenti),bagno ricorre spesso di pomeriggio (37 rilevamenti),null,null,"{""source"":""house_events""}","{""table"":""house_events""}",10,37,active,2026-06-22 20:55:19.44+00,2026-06-23 21:10:25.179+00,2026-06-22 20:55:19.612377+00,2026-06-23 21:10:25.179+00
e5eb7f73-ddf4-4771-a921-3d3da9058891,d8d8e77a-4af3-42e1-9810-16f534be4093,bagno_ricorre_spesso_di_pranzo,bagno ricorre spesso di pranzo (9 rilevamenti),bagno ricorre spesso di pranzo (9 rilevamenti),null,null,"{""source"":""house_events""}","{""table"":""house_events""}",5,9,learning,2026-06-22 20:55:19.207+00,2026-06-23 21:10:24.94+00,2026-06-22 20:55:19.387481+00,2026-06-23 21:10:24.94+00
080a8eda-a7ae-4649-8fbf-e2c7c3ba6e57,d8d8e77a-4af3-42e1-9810-16f534be4093,bagno_ricorre_spesso_di_mattina,bagno ricorre spesso di mattina (25 rilevamenti),bagno ricorre spesso di mattina (25 rilevamenti),null,null,"{""source"":""house_events""}","{""table"":""house_events""}",10,25,active,2026-06-22 20:55:18.982+00,2026-06-23 21:10:24.697+00,2026-06-22 20:55:19.155501+00,2026-06-23 21:10:24.697+00
267ef1a4-290f-4479-920d-4e049b5ff29f,d8d8e77a-4af3-42e1-9810-16f534be4093,armadio_ricorre_spesso_di_pomeriggio,armadio ricorre spesso di pomeriggio (7 rilevamenti),armadio ricorre spesso di pomeriggio (7 rilevamenti),null,null,"{""source"":""house_events""}","{""table"":""house_events""}",4,7,learning,2026-06-22 20:55:18.511+00,2026-06-23 21:10:24.23+00,2026-06-22 20:55:18.688385+00,2026-06-23 21:10:24.23+00
3c9db46a-c0f1-44b7-a497-36840d78c8b2,d8d8e77a-4af3-42e1-9810-16f534be4093,armadio_ricorre_spesso_di_mattina,armadio ricorre spesso di mattina (5 rilevamenti),armadio ricorre spesso di mattina (5 rilevamenti),null,null,"{""source"":""house_events""}","{""table"":""house_events""}",3,5,learning,2026-06-22 20:55:18.287+00,2026-06-23 21:10:24.012+00,2026-06-22 20:55:18.459092+00,2026-06-23 21:10:24.012+00
9af6fad0-f55f-4525-a64f-0d3f7cdfb3c9,d8d8e77a-4af3-42e1-9810-16f534be4093,camera_ricorre_spesso_di_mattina,camera ricorre spesso di mattina (4 rilevamenti),camera ricorre spesso di mattina (4 rilevamenti),null,null,"{""source"":""house_events""}","{""table"":""house_events""}",3,4,learning,2026-06-22 20:55:17.829+00,2026-06-23 21:10:23.545+00,2026-06-22 20:55:18.001357+00,2026-06-23 21:10:23.545+00
f9e98a70-89d5-415c-a5ea-c6bdea46b8ea,d8d8e77a-4af3-42e1-9810-16f534be4093,camera_ricorre_spesso_di_notte,camera ricorre spesso di notte (4 rilevamenti),camera ricorre spesso di notte (4 rilevamenti),null,null,"{""source"":""house_events""}","{""table"":""house_events""}",3,4,learning,2026-06-22 20:55:17.595+00,2026-06-23 21:10:23.262+00,2026-06-22 20:55:17.777304+00,2026-06-23 21:10:23.262+00
ddcb6140-6526-49c2-b746-8852d114b844,d8d8e77a-4af3-42e1-9810-16f534be4093,cucina_ricorre_spesso_di_mattina,cucina ricorre spesso di mattina (20 rilevamenti),cucina ricorre spesso di mattina (20 rilevamenti),null,null,"{""source"":""house_events""}","{""table"":""house_events""}",10,20,active,2026-06-22 20:55:16.893+00,2026-06-23 21:10:22.536+00,2026-06-22 20:55:17.079801+00,2026-06-23 21:10:22.536+00
679c26db-3605-4cf8-a4e5-896b5b1eedc3,d8d8e77a-4af3-42e1-9810-16f534be4093,cucina_ricorre_spesso_di_notte,cucina ricorre spesso di notte (8 rilevamenti),cucina ricorre spesso di notte (8 rilevamenti),null,null,"{""source"":""house_events""}","{""table"":""house_events""}",4,8,learning,2026-06-22 20:55:16.661+00,2026-06-23 21:10:22.301+00,2026-06-22 20:55:16.837337+00,2026-06-23 21:10:22.301+00
9f105607-d16b-42e2-8f87-66b77301f0c0,d8d8e77a-4af3-42e1-9810-16f534be4093,scale_ricorre_spesso_di_pranzo,scale ricorre spesso di pranzo (3 rilevamenti),scale ricorre spesso di pranzo (3 rilevamenti),null,null,"{""source"":""house_events""}","{""table"":""house_events""}",3,3,learning,2026-06-22 20:55:15.724+00,2026-06-23 21:10:21.329+00,2026-06-22 20:55:15.906983+00,2026-06-23 21:10:21.329+00
91fadb8c-b58f-4d63-b61d-3205113777ed,d8d8e77a-4af3-42e1-9810-16f534be4093,scale_ricorre_spesso_di_mattina,scale ricorre spesso di mattina (9 rilevamenti),scale ricorre spesso di mattina (9 rilevamenti),null,null,"{""source"":""house_events""}","{""table"":""house_events""}",5,9,learning,2026-06-22 20:55:15.487+00,2026-06-23 21:10:21.1+00,2026-06-22 20:55:15.671547+00,2026-06-23 21:10:21.1+00
7f135529-05b9-4ebd-a724-107ae6d6c084,d8d8e77a-4af3-42e1-9810-16f534be4093,scale_ricorre_spesso_di_notte,scale ricorre spesso di notte (6 rilevamenti),scale ricorre spesso di notte (6 rilevamenti),null,null,"{""source"":""house_events""}","{""table"":""house_events""}",3,6,learning,2026-06-22 20:55:15.242+00,2026-06-23 21:10:20.855+00,2026-06-22 20:55:15.431539+00,2026-06-23 21:10:20.855+00
4bc0bc16-a93e-48c4-aa73-bc0e232f1a0c,d8d8e77a-4af3-42e1-9810-16f534be4093,salotto_ricorre_spesso_di_mattina,salotto ricorre spesso di mattina (6 rilevamenti),salotto ricorre spesso di mattina (6 rilevamenti),null,null,"{""source"":""house_events""}","{""table"":""house_events""}",3,6,learning,2026-06-22 20:55:14.77+00,2026-06-23 21:10:20.371+00,2026-06-22 20:55:14.952868+00,2026-06-23 21:10:20.371+00
c53f50eb-910a-4894-95e4-d4f8dd1bdc4c,d8d8e77a-4af3-42e1-9810-16f534be4093,transito_frequente_salotto_cucina,Transito frequente: salotto → cucina (2 volte),Transito frequente: salotto → cucina (2 volte),null,null,"{""source"":""house_events""}","{""table"":""house_events""}",3,2,learning,2026-06-22 22:49:27.629+00,2026-06-23 18:35:29.783+00,2026-06-22 22:49:27.814046+00,2026-06-23 18:35:29.783+00
5412e302-0085-40b7-b8cc-7e0076c08978,d8d8e77a-4af3-42e1-9810-16f534be4093,salotto_ricorre_spesso_di_pranzo,salotto ricorre spesso di pranzo (3 rilevamenti),salotto ricorre spesso di pranzo (3 rilevamenti),null,null,"{""source"":""house_events""}","{""table"":""house_events""}",3,3,learning,2026-06-23 10:44:47.735+00,2026-06-23 18:35:22.262+00,2026-06-23 10:44:48.100225+00,2026-06-23 18:35:22.262+00
aa099a30-ebd4-405e-b636-ffd8695b9785,d8d8e77a-4af3-42e1-9810-16f534be4093,transito_frequente_bagno_salotto,Transito frequente: bagno → salotto (2 volte),Transito frequente: bagno → salotto (2 volte),null,null,"{""source"":""house_events""}","{""table"":""house_events""}",3,2,learning,2026-06-23 16:44:24.266+00,2026-06-23 18:14:48.741+00,2026-06-23 16:44:24.480484+00,2026-06-23 18:14:48.741+00
078d4c15-5f56-45e9-970a-ad786a0dbfc6,d8d8e77a-4af3-42e1-9810-16f534be4093,camera_ricorre_spesso_di_pranzo,camera ricorre spesso di pranzo (3 rilevamenti),camera ricorre spesso di pranzo (3 rilevamenti),null,null,"{""source"":""house_events""}","{""table"":""house_events""}",3,3,learning,2026-06-23 10:27:39.481+00,2026-06-23 18:14:43.459+00,2026-06-23 10:27:39.652067+00,2026-06-23 18:14:43.459+00
2aadf20d-2fdf-4bfd-a9a8-d03282b3f44d,d8d8e77a-4af3-42e1-9810-16f534be4093,bagno_spesso_poco_luminoso,bagno spesso poco luminoso (9 rilevamenti sotto 80 lx),bagno spesso poco luminoso (9 rilevamenti sotto 80 lx),null,null,"{""source"":""house_events""}","{""table"":""house_events""}",5,9,learning,2026-06-23 08:07:10.975+00,2026-06-23 16:08:21.918+00,2026-06-23 08:07:11.149844+00,2026-06-23 16:08:21.918+00
eb41ba75-c242-4997-b41b-be2acc78aa0d,d8d8e77a-4af3-42e1-9810-16f534be4093,cucina_spesso_poco_luminoso,cucina spesso poco luminoso (6 rilevamenti sotto 80 lx),cucina spesso poco luminoso (6 rilevamenti sotto 80 lx),null,null,"{""source"":""house_events""}","{""table"":""house_events""}",3,6,learning,2026-06-23 08:07:10.491+00,2026-06-23 16:08:21.455+00,2026-06-23 08:07:10.691339+00,2026-06-23 16:08:21.455+00
83e5ac84-1aff-417b-b5b6-790cec1b5789,d8d8e77a-4af3-42e1-9810-16f534be4093,bagno_ricorre_spesso_di_notte,bagno ricorre spesso di notte (3 rilevamenti),bagno ricorre spesso di notte (3 rilevamenti),null,null,"{""source"":""house_events""}","{""table"":""house_events""}",3,3,learning,2026-06-23 00:34:49.059+00,2026-06-23 10:44:51.103+00,2026-06-23 00:34:49.240437+00,2026-06-23 10:44:51.103+00
b7d0be05-0045-4fcf-9eab-f20ba2a101ee,d8d8e77a-4af3-42e1-9810-16f534be4093,armadio_ricorre_spesso_di_notte,armadio ricorre spesso di notte (3 rilevamenti),armadio ricorre spesso di notte (3 rilevamenti),null,null,"{""source"":""house_events""}","{""table"":""house_events""}",3,3,learning,2026-06-23 03:30:59.364+00,2026-06-23 09:47:42.213+00,2026-06-23 03:30:59.531393+00,2026-06-23 09:47:42.213+00
e3c289f5-6285-427b-966b-dade6f8eedf8,d8d8e77a-4af3-42e1-9810-16f534be4093,transito_frequente_cucina_bagno_2_volte,Transito frequente: cucina → bagno (2 volte),Transito frequente: cucina → bagno (2 volte),null,null,"{""source"":""house_events""}","{""table"":""house_events""}",3,2,learning,2026-06-20 00:30:24.172+00,2026-06-22 20:50:38.088+00,2026-06-20 00:30:24.346658+00,2026-06-22 20:50:38.088+00
d918a322-c300-4d68-88ec-cd38bf9aa0e2,d8d8e77a-4af3-42e1-9810-16f534be4093,transito_frequente_armadio_scale_6_volte,Transito frequente: armadio → scale (6 volte),Transito frequente: armadio → scale (6 volte),null,null,"{""source"":""house_events""}","{""table"":""house_events""}",3,6,learning,2026-06-20 00:30:23.95+00,2026-06-22 20:50:37.855+00,2026-06-20 00:30:24.12009+00,2026-06-22 20:50:37.855+00
7d9207f8-5c4a-4516-aa04-04e5c13b9b5b,d8d8e77a-4af3-42e1-9810-16f534be4093,transito_frequente_bagno_armadio_6_volte,Transito frequente: bagno → armadio (6 volte),Transito frequente: bagno → armadio (6 volte),null,null,"{""source"":""house_events""}","{""table"":""house_events""}",3,6,learning,2026-06-20 00:30:23.723+00,2026-06-22 20:50:37.636+00,2026-06-20 00:30:23.899815+00,2026-06-22 20:50:37.636+00
615011a4-e696-4cb3-9fa0-0a7f209ab5d5,d8d8e77a-4af3-42e1-9810-16f534be4093,transito_frequente_armadio_bagno_6_volte,Transito frequente: armadio → bagno (6 volte),Transito frequente: armadio → bagno (6 volte),null,null,"{""source"":""house_events""}","{""table"":""house_events""}",3,6,learning,2026-06-20 00:30:23.499+00,2026-06-22 20:50:37.405+00,2026-06-20 00:30:23.673056+00,2026-06-22 20:50:37.405+00
8d34bc4d-9718-425d-a001-025c6bb8a35a,d8d8e77a-4af3-42e1-9810-16f534be4093,transito_frequente_scale_armadio_6_volte,Transito frequente: scale → armadio (6 volte),Transito frequente: scale → armadio (6 volte),null,null,"{""source"":""house_events""}","{""table"":""house_events""}",3,6,learning,2026-06-20 00:30:23.275+00,2026-06-22 20:50:37.187+00,2026-06-20 00:30:23.447513+00,2026-06-22 20:50:37.187+00
d20d4053-1876-48bf-8613-ca30e70e6b74,d8d8e77a-4af3-42e1-9810-16f534be4093,transito_frequente_camera_scale_4_volte,Transito frequente: camera → scale (4 volte),Transito frequente: camera → scale (4 volte),null,null,"{""source"":""house_events""}","{""table"":""house_events""}",3,4,learning,2026-06-20 00:30:23.049+00,2026-06-22 20:50:36.951+00,2026-06-20 00:30:23.224695+00,2026-06-22 20:50:36.951+00
08ee6ec3-aa8d-4c4c-8dfe-b07aee282068,d8d8e77a-4af3-42e1-9810-16f534be4093,transito_frequente_scale_camera_3_volte,Transito frequente: scale → camera (3 volte),Transito frequente: scale → camera (3 volte),null,null,"{""source"":""house_events""}","{""table"":""house_events""}",3,3,learning,2026-06-20 00:30:22.817+00,2026-06-22 20:50:36.731+00,2026-06-20 00:30:22.997053+00,2026-06-22 20:50:36.731+00
7ca33851-5b26-4d97-a3d0-f540af05c7b5,d8d8e77a-4af3-42e1-9810-16f534be4093,transito_frequente_scale_cucina_7_volte,Transito frequente: scale → cucina (7 volte),Transito frequente: scale → cucina (7 volte),null,null,"{""source"":""house_events""}","{""table"":""house_events""}",4,7,learning,2026-06-20 00:30:22.589+00,2026-06-22 20:50:36.504+00,2026-06-20 00:30:22.764422+00,2026-06-22 20:50:36.504+00
8f58cb72-dd53-461e-b576-0110beddc048,d8d8e77a-4af3-42e1-9810-16f534be4093,transito_frequente_salotto_scale_3_volte,Transito frequente: salotto → scale (3 volte),Transito frequente: salotto → scale (3 volte),null,null,"{""source"":""house_events""}","{""table"":""house_events""}",3,3,learning,2026-06-20 00:30:22.366+00,2026-06-22 20:50:36.276+00,2026-06-20 00:30:22.538341+00,2026-06-22 20:50:36.276+00
cfc62cbf-3f00-4fc1-ad9b-10faf4bff65c,d8d8e77a-4af3-42e1-9810-16f534be4093,transito_frequente_scale_salotto_6_volte,Transito frequente: scale → salotto (6 volte),Transito frequente: scale → salotto (6 volte),null,null,"{""source"":""house_events""}","{""table"":""house_events""}",3,6,learning,2026-06-20 00:30:22.136+00,2026-06-22 20:50:36.058+00,2026-06-20 00:30:22.31444+00,2026-06-22 20:50:36.058+00
03245550-940f-4870-97c0-6c1394f86ce8,d8d8e77a-4af3-42e1-9810-16f534be4093,transito_frequente_cucina_scale_4_volte,Transito frequente: cucina → scale (4 volte),Transito frequente: cucina → scale (4 volte),null,null,"{""source"":""house_events""}","{""table"":""house_events""}",3,4,learning,2026-06-20 00:30:21.912+00,2026-06-22 20:50:35.831+00,2026-06-20 00:30:22.083216+00,2026-06-22 20:50:35.831+00
746512c4-d762-4e7b-8d6e-af0be087b9d4,d8d8e77a-4af3-42e1-9810-16f534be4093,casa_spesso_occupata_da_una_sola_persona_59_eventi,Casa spesso occupata da una sola persona (59 eventi),Casa spesso occupata da una sola persona (59 eventi),null,null,"{""source"":""house_events""}","{""table"":""house_events""}",10,59,active,2026-06-20 00:30:21.494+00,2026-06-22 20:50:35.611+00,2026-06-20 00:30:21.857982+00,2026-06-22 20:50:35.611+00
944ac3b5-943a-4539-b92d-20df2cd38644,d8d8e77a-4af3-42e1-9810-16f534be4093,casa_spesso_occupata_da_due_persone_405_eventi,Casa spesso occupata da due persone (405 eventi),Casa spesso occupata da due persone (405 eventi),null,null,"{""source"":""house_events""}","{""table"":""house_events""}",10,405,active,2026-06-20 00:30:21.258+00,2026-06-22 20:50:35.384+00,2026-06-20 00:30:21.437351+00,2026-06-22 20:50:35.384+00
a41dd4b5-92d6-4bc1-86d0-29e609e9cc84,d8d8e77a-4af3-42e1-9810-16f534be4093,clima_temperatura_rilevati_spesso_34_eventi,Clima/temperatura rilevati spesso (34 eventi),Clima/temperatura rilevati spesso (34 eventi),null,null,"{""source"":""house_events""}","{""table"":""house_events""}",10,34,active,2026-06-20 00:30:21.033+00,2026-06-22 20:50:35.154+00,2026-06-20 00:30:21.207422+00,2026-06-22 20:50:35.154+00
b11bca02-8b76-4069-8637-1d85599e2462,d8d8e77a-4af3-42e1-9810-16f534be4093,luminosita_media_bagno_circa_9_lx,Luminosità media bagno: circa 9 lx,Luminosità media bagno: circa 9 lx,null,null,"{""source"":""house_events""}","{""table"":""house_events""}",3,3,learning,2026-06-20 00:30:20.806+00,2026-06-22 20:50:34.932+00,2026-06-20 00:30:20.981622+00,2026-06-22 20:50:34.932+00
1bd6a694-ea4d-4887-8e5d-ad9b1f59874d,d8d8e77a-4af3-42e1-9810-16f534be4093,luminosita_media_cucina_circa_155_lx,Luminosità media cucina: circa 155 lx,Luminosità media cucina: circa 155 lx,null,null,"{""source"":""house_events""}","{""table"":""house_events""}",3,3,learning,2026-06-20 00:30:20.578+00,2026-06-22 20:50:34.708+00,2026-06-20 00:30:20.754705+00,2026-06-22 20:50:34.708+00
570dcfe1-803f-464e-af7c-091af8a1f0e0,d8d8e77a-4af3-42e1-9810-16f534be4093,luminosita_media_salotto_circa_5_lx,Luminosità media salotto: circa 5 lx,Luminosità media salotto: circa 5 lx,null,null,"{""source"":""house_events""}","{""table"":""house_events""}",3,3,learning,2026-06-20 00:30:20.354+00,2026-06-22 20:50:34.48+00,2026-06-20 00:30:20.527233+00,2026-06-22 20:50:34.48+00
cf572eca-0faf-4b21-9d66-78f01d80904a,d8d8e77a-4af3-42e1-9810-16f534be4093,luci_armadio_accese_spesso_13_accensioni,Luci armadio accese spesso (13 accensioni),Luci armadio accese spesso (13 accensioni),null,null,"{""source"":""house_events""}","{""table"":""house_events""}",7,13,active,2026-06-20 00:30:20.123+00,2026-06-22 20:50:34.254+00,2026-06-20 00:30:20.302334+00,2026-06-22 20:50:34.254+00
5373e456-e018-4721-b9fe-bd872e2ef099,d8d8e77a-4af3-42e1-9810-16f534be4093,luci_camera_accese_spesso_7_accensioni,Luci camera accese spesso (7 accensioni),Luci camera accese spesso (7 accensioni),null,null,"{""source"":""house_events""}","{""table"":""house_events""}",4,7,learning,2026-06-20 00:30:19.694+00,2026-06-22 20:50:34.02+00,2026-06-20 00:30:20.071318+00,2026-06-22 20:50:34.02+00
0c90625c-c201-44ef-b3e4-e69483ec0aa2,d8d8e77a-4af3-42e1-9810-16f534be4093,luci_scale_accese_spesso_22_accensioni,Luci scale accese spesso (22 accensioni),Luci scale accese spesso (22 accensioni),null,null,"{""source"":""house_events""}","{""table"":""house_events""}",10,22,active,2026-06-20 00:30:18.616+00,2026-06-22 20:50:33.342+00,2026-06-20 00:30:18.787228+00,2026-06-22 20:50:33.342+00
cca9751b-5891-45ce-b1e8-a69e7b45b25c,d8d8e77a-4af3-42e1-9810-16f534be4093,luci_salotto_accese_spesso_7_accensioni,Luci salotto accese spesso (7 accensioni),Luci salotto accese spesso (7 accensioni),null,null,"{""source"":""house_events""}","{""table"":""house_events""}",4,7,learning,2026-06-20 00:30:18.393+00,2026-06-22 20:50:33.076+00,2026-06-20 00:30:18.565245+00,2026-06-22 20:50:33.076+00
b4cbeff5-52f9-4053-a701-6238764be932,d8d8e77a-4af3-42e1-9810-16f534be4093,bagno_ricorre_spesso_di_pomeriggio_37_rilevamenti,bagno ricorre spesso di pomeriggio (37 rilevamenti),bagno ricorre spesso di pomeriggio (37 rilevamenti),null,null,"{""source"":""house_events""}","{""table"":""house_events""}",10,37,active,2026-06-20 00:30:18.17+00,2026-06-22 20:50:32.856+00,2026-06-20 00:30:18.341827+00,2026-06-22 20:50:32.856+00
d2b20d5b-e30d-470b-83fd-f8784b9bb683,d8d8e77a-4af3-42e1-9810-16f534be4093,bagno_ricorre_spesso_di_pranzo_9_rilevamenti,bagno ricorre spesso di pranzo (9 rilevamenti),bagno ricorre spesso di pranzo (9 rilevamenti),null,null,"{""source"":""house_events""}","{""table"":""house_events""}",5,9,learning,2026-06-20 00:30:17.938+00,2026-06-22 20:50:32.631+00,2026-06-20 00:30:18.108847+00,2026-06-22 20:50:32.631+00
0fb247b8-2425-46d1-9a7d-92f579da1bd0,d8d8e77a-4af3-42e1-9810-16f534be4093,bagno_ricorre_spesso_di_mattina_25_rilevamenti,bagno ricorre spesso di mattina (25 rilevamenti),bagno ricorre spesso di mattina (25 rilevamenti),null,null,"{""source"":""house_events""}","{""table"":""house_events""}",10,25,active,2026-06-20 00:30:17.715+00,2026-06-22 20:50:32.408+00,2026-06-20 00:30:17.886358+00,2026-06-22 20:50:32.408+00
b02fc061-2f24-4042-9de8-09aa06a17700,d8d8e77a-4af3-42e1-9810-16f534be4093,bagno_usato_spesso_71_rilevamenti_negli_ultimi_30_giorni,bagno usato spesso (71 rilevamenti negli ultimi 30 giorni),bagno usato spesso (71 rilevamenti negli ultimi 30 giorni),null,null,"{""source"":""house_events""}","{""table"":""house_events""}",10,71,active,2026-06-20 00:30:17.491+00,2026-06-22 20:50:32.191+00,2026-06-20 00:30:17.663648+00,2026-06-22 20:50:32.191+00
fdaab69d-f417-4ce3-83a0-5cad61eec67a,d8d8e77a-4af3-42e1-9810-16f534be4093,armadio_ricorre_spesso_di_pomeriggio_7_rilevamenti,armadio ricorre spesso di pomeriggio (7 rilevamenti),armadio ricorre spesso di pomeriggio (7 rilevamenti),null,null,"{""source"":""house_events""}","{""table"":""house_events""}",4,7,learning,2026-06-20 00:30:17.267+00,2026-06-22 20:50:31.969+00,2026-06-20 00:30:17.440544+00,2026-06-22 20:50:31.969+00
24f649eb-2a02-4adb-98c2-7eee79908fae,d8d8e77a-4af3-42e1-9810-16f534be4093,armadio_ricorre_spesso_di_mattina_5_rilevamenti,armadio ricorre spesso di mattina (5 rilevamenti),armadio ricorre spesso di mattina (5 rilevamenti),null,null,"{""source"":""house_events""}","{""table"":""house_events""}",3,5,learning,2026-06-20 00:30:17.028+00,2026-06-22 20:50:31.743+00,2026-06-20 00:30:17.199414+00,2026-06-22 20:50:31.743+00
4949bd14-7798-4830-a726-dd471385189f,d8d8e77a-4af3-42e1-9810-16f534be4093,armadio_usato_spesso_13_rilevamenti_negli_ultimi_30_giorni,armadio usato spesso (13 rilevamenti negli ultimi 30 giorni),armadio usato spesso (13 rilevamenti negli ultimi 30 giorni),null,null,"{""source"":""house_events""}","{""table"":""house_events""}",7,13,active,2026-06-20 00:30:16.799+00,2026-06-22 20:50:31.522+00,2026-06-20 00:30:16.975601+00,2026-06-22 20:50:31.522+00
1607ae61-a9dd-4233-a332-5bf5f64291a2,d8d8e77a-4af3-42e1-9810-16f534be4093,camera_ricorre_spesso_di_mattina_4_rilevamenti,camera ricorre spesso di mattina (4 rilevamenti),camera ricorre spesso di mattina (4 rilevamenti),null,null,"{""source"":""house_events""}","{""table"":""house_events""}",3,4,learning,2026-06-20 00:30:16.569+00,2026-06-22 20:50:31.295+00,2026-06-20 00:30:16.748557+00,2026-06-22 20:50:31.295+00
012c00ec-7e29-41df-abb6-1342e586e702,d8d8e77a-4af3-42e1-9810-16f534be4093,camera_ricorre_spesso_di_notte_4_rilevamenti,camera ricorre spesso di notte (4 rilevamenti),camera ricorre spesso di notte (4 rilevamenti),null,null,"{""source"":""house_events""}","{""table"":""house_events""}",3,4,learning,2026-06-20 00:30:16.349+00,2026-06-22 20:50:31.067+00,2026-06-20 00:30:16.517908+00,2026-06-22 20:50:31.067+00
c948578f-6cfd-44f8-a407-132ceafd1d86,d8d8e77a-4af3-42e1-9810-16f534be4093,camera_usato_spesso_12_rilevamenti_negli_ultimi_30_giorni,camera usato spesso (12 rilevamenti negli ultimi 30 giorni),camera usato spesso (12 rilevamenti negli ultimi 30 giorni),null,null,"{""source"":""house_events""}","{""table"":""house_events""}",6,12,learning,2026-06-20 00:30:16.126+00,2026-06-22 20:50:30.829+00,2026-06-20 00:30:16.297664+00,2026-06-22 20:50:30.829+00
54e6b1e0-1f0f-4e28-8b08-0444b76fa4e3,d8d8e77a-4af3-42e1-9810-16f534be4093,cucina_ricorre_spesso_di_pranzo_5_rilevamenti,cucina ricorre spesso di pranzo (5 rilevamenti),cucina ricorre spesso di pranzo (5 rilevamenti),null,null,"{""source"":""house_events""}","{""table"":""house_events""}",3,5,learning,2026-06-20 00:30:15.903+00,2026-06-22 20:50:30.604+00,2026-06-20 00:30:16.074662+00,2026-06-22 20:50:30.604+00
2bc316df-101d-4167-97d1-45e9244957dc,d8d8e77a-4af3-42e1-9810-16f534be4093,cucina_ricorre_spesso_di_mattina_20_rilevamenti,cucina ricorre spesso di mattina (20 rilevamenti),cucina ricorre spesso di mattina (20 rilevamenti),null,null,"{""source"":""house_events""}","{""table"":""house_events""}",10,20,active,2026-06-20 00:30:15.681+00,2026-06-22 20:50:30.376+00,2026-06-20 00:30:15.850468+00,2026-06-22 20:50:30.376+00
d7183f5b-9048-47f5-b2b0-17b99bc475fa,d8d8e77a-4af3-42e1-9810-16f534be4093,cucina_ricorre_spesso_di_notte_8_rilevamenti,cucina ricorre spesso di notte (8 rilevamenti),cucina ricorre spesso di notte (8 rilevamenti),null,null,"{""source"":""house_events""}","{""table"":""house_events""}",4,8,learning,2026-06-20 00:30:15.457+00,2026-06-22 20:50:30.146+00,2026-06-20 00:30:15.630182+00,2026-06-22 20:50:30.146+00
edfe7561-0c83-492e-be19-75c204304899,d8d8e77a-4af3-42e1-9810-16f534be4093,cucina_ricorre_spesso_di_pomeriggio_8_rilevamenti,cucina ricorre spesso di pomeriggio (8 rilevamenti),cucina ricorre spesso di pomeriggio (8 rilevamenti),null,null,"{""source"":""house_events""}","{""table"":""house_events""}",4,8,learning,2026-06-20 00:30:15.234+00,2026-06-22 20:50:29.898+00,2026-06-20 00:30:15.406074+00,2026-06-22 20:50:29.898+00
aaf2ee39-d465-46b6-bc4c-f7e5309bc2c8,d8d8e77a-4af3-42e1-9810-16f534be4093,cucina_usato_spesso_41_rilevamenti_negli_ultimi_30_giorni,cucina usato spesso (41 rilevamenti negli ultimi 30 giorni),cucina usato spesso (41 rilevamenti negli ultimi 30 giorni),null,null,"{""source"":""house_events""}","{""table"":""house_events""}",10,41,active,2026-06-20 00:30:15.007+00,2026-06-22 20:50:29.654+00,2026-06-20 00:30:15.182974+00,2026-06-22 20:50:29.654+00
6a0aa133-f981-45ce-b439-50a3bfdea9cb,d8d8e77a-4af3-42e1-9810-16f534be4093,scale_ricorre_spesso_di_pomeriggio_8_rilevamenti,scale ricorre spesso di pomeriggio (8 rilevamenti),scale ricorre spesso di pomeriggio (8 rilevamenti),null,null,"{""source"":""house_events""}","{""table"":""house_events""}",4,8,learning,2026-06-20 00:30:14.785+00,2026-06-22 20:50:29.43+00,2026-06-20 00:30:14.956563+00,2026-06-22 20:50:29.43+00
751e382d-800a-47b2-931c-23a7befde4c5,d8d8e77a-4af3-42e1-9810-16f534be4093,scale_ricorre_spesso_di_pranzo_3_rilevamenti,scale ricorre spesso di pranzo (3 rilevamenti),scale ricorre spesso di pranzo (3 rilevamenti),null,null,"{""source"":""house_events""}","{""table"":""house_events""}",3,3,learning,2026-06-20 00:30:14.562+00,2026-06-22 20:50:29.205+00,2026-06-20 00:30:14.734085+00,2026-06-22 20:50:29.205+00
427c05d3-73cd-4547-9fdb-48c2f77cdf0e,d8d8e77a-4af3-42e1-9810-16f534be4093,scale_ricorre_spesso_di_mattina_9_rilevamenti,scale ricorre spesso di mattina (9 rilevamenti),scale ricorre spesso di mattina (9 rilevamenti),null,null,"{""source"":""house_events""}","{""table"":""house_events""}",5,9,learning,2026-06-20 00:30:14.335+00,2026-06-22 20:50:28.984+00,2026-06-20 00:30:14.510209+00,2026-06-22 20:50:28.984+00
ec247d2d-65c2-41c4-9c64-1dd4a27bd254,d8d8e77a-4af3-42e1-9810-16f534be4093,scale_ricorre_spesso_di_notte_6_rilevamenti,scale ricorre spesso di notte (6 rilevamenti),scale ricorre spesso di notte (6 rilevamenti),null,null,"{""source"":""house_events""}","{""table"":""house_events""}",3,6,learning,2026-06-20 00:30:13.909+00,2026-06-22 20:50:28.758+00,2026-06-20 00:30:14.283037+00,2026-06-22 20:50:28.758+00
4b34aef9-c306-4a7a-8c32-3de77c93b78d,d8d8e77a-4af3-42e1-9810-16f534be4093,scale_usato_spesso_26_rilevamenti_negli_ultimi_30_giorni,scale usato spesso (26 rilevamenti negli ultimi 30 giorni),scale usato spesso (26 rilevamenti negli ultimi 30 giorni),null,null,"{""source"":""house_events""}","{""table"":""house_events""}",10,26,active,2026-06-20 00:30:13.681+00,2026-06-22 20:50:28.527+00,2026-06-20 00:30:13.857092+00,2026-06-22 20:50:28.527+00
29e83c89-ebb2-44ce-ba38-7161b73082be,d8d8e77a-4af3-42e1-9810-16f534be4093,salotto_ricorre_spesso_di_mattina_6_rilevamenti,salotto ricorre spesso di mattina (6 rilevamenti),salotto ricorre spesso di mattina (6 rilevamenti),null,null,"{""source"":""house_events""}","{""table"":""house_events""}",3,6,learning,2026-06-20 00:30:13.245+00,2026-06-22 20:50:28.3+00,2026-06-20 00:30:13.629332+00,2026-06-22 20:50:28.3+00
a459a4a5-dfdc-465c-b480-4d44f537652c,d8d8e77a-4af3-42e1-9810-16f534be4093,salotto_usato_spesso_11_rilevamenti_negli_ultimi_30_giorni,salotto usato spesso (11 rilevamenti negli ultimi 30 giorni),salotto usato spesso (11 rilevamenti negli ultimi 30 giorni),null,null,"{""source"":""house_events""}","{""table"":""house_events""}",6,11,learning,2026-06-20 00:30:13.01+00,2026-06-22 20:50:28.07+00,2026-06-20 00:30:13.186953+00,2026-06-22 20:50:28.07+00